idCus,nameCus,genderCus,idCardCus,phoneNumber,emailCus,typeCus,addressCus,birthday
97679547a5294437aacdcaca09a6bfa2,Kien,MALE,123456789,123,karobest3@gmail.com,zxc,zxc,11/03/1994
3231b413c191427a9959c22cc4e0b69a,Tuan,Female,123543242,123,zxczc@gmail.com,zxc,xzc,11/02/1999
6bc69b29eedf49f0b155c69115c56083,Ly,MALE,123123123,123,zxcxzcx@gmail.com,123,123,11/01/1992
00d9e9b7bcfa4fadbffac904eeae7637,Minh,UNKNOW,123123321,zx,zxczcqw@gmail.com,zxc,asd,12/12/2012
fadf52a86fbf457fbaaf0b0881aa32bb,Kien,Unknow,123123123,123,kzxcxzc@gmail.com,zxc,xzc,11/12/1222
