id,nameService,areaUsed,rentalCosts,maxNumberOfPeople,typeRent,freeService
e0b05ad9c4cf49638057883d91150e7e,Room,1200.0,120.0,12,Kien,food
e0b05ad9c4cf49638057883d91150e7e,Room,1200.0,120.0,12,Kien,food
e0b05ad9c4cf49638057883d91150e7e,Room,1200.0,120.0,12,Kien,food
e0b05ad9c4cf49638057883d91150e7e,Vip,1200.0,120.0,12,Kien,food
e0b05ad9c4cf49638057883d91150e7e,A,1200.0,120.0,12,Kien,food
e0b05ad9c4cf49638057883d91150e7e,B,1200.0,120.0,12,Kien,food
e0b05ad9c4cf49638057883d91150e7e,Z,1200.0,120.0,12,Kien,food
